{
    "是否上征信": {
        "影响": 0.49158117195107687,
        "逾期": 0.4519118593901096,
        "征信": 0.29047978342563635,
        "我": 0.23521792485815532,
        "吗": 0.20808356813756235,
        "个人": 0.20110138852544054,
        "不会": 0.1531425272973158,
        "之后": 0.14931598030069662,
        "要查": 0.14931598030069662,
        "欠款": 0.14379013707867125
    },
    "询问联系方式": {
        "联系方式": 0.7125723194767499,
        "微信": 0.365601879241307,
        "你": 0.29911048781636956,
        "联系": 0.2035920912790714,
        "短信": 0.1680493827588055,
        "什么": 0.15671031144367775,
        "多少": 0.15040998920858334,
        "请": 0.14725823110038755,
        "把": 0.13935380209171,
        "发给": 0.1017960456395357
    },
    "询问额度": {
        "多少": 0.5981710136363597,
        "额度": 0.37369012473969887,
        "钱": 0.2880540843709957,
        "我": 0.22136432738523423,
        "度": 0.1982693930984883,
        "借": 0.17569100129671988,
        "接": 0.15287323284805862,
        "给": 0.15120965324138408,
        "这边": 0.1391378183817477,
        "不够": 0.1387885751689418
    },
    "解释信用贷款": {
        "信用贷款": 0.7331311237278348,
        "什么": 0.39280845248545787,
        "贷款": 0.32368439868017707,
        "四元": 0.20412873556786365,
        "身份证": 0.1832827809319587,
        "分期": 0.1832827809319587,
        "怎么弄": 0.16849234073878397,
        "个": 0.1397211219691383,
        "还": 0.1040847271400586,
        "这边": 0.08574719438464509
    },
    "是否机器人": {
        "机器人": 0.7002935236306865,
        "人工": 0.35014676181534327,
        "你": 0.33102756993268595,
        "还是": 0.26692577538346257,
        "客服": 0.25751266845858045,
        "吗": 0.16907508420905412,
        "真人": 0.15598850124187516,
        "话务员": 0.15598850124187516,
        "是不是": 0.10677031015338503,
        "进去": 0.07799425062093758
    },
    "软件怎么下载": {
        "下载": 0.771587644112666,
        "在": 0.26856570743758856,
        "哪里": 0.24194385176769742,
        "找到": 0.2336949108219179,
        "这个": 0.16361148181974383,
        "平台": 0.15579660721461192,
        "产品": 0.14516631106061845,
        "软件": 0.12859794068544433,
        "哪个": 0.11268774069626164,
        "从": 0.11268774069626164
    },
    "解释厘": {
        "厘": 0.8632369526281128,
        "厘是": 0.2877456508760376,
        "什么": 0.2768569636107409,
        "你": 0.1409153329742952,
        "解释一下": 0.1291803012126712,
        "意思": 0.1187557893763323,
        "说": 0.11733573279479455,
        "算": 0.1040632651509847,
        "再": 0.0936387533146458,
        "啥": 0.0936387533146458
    },
    "贷款速度快": {
        "这么": 0.6870648988827963,
        "快": 0.5845475656073325,
        "速度": 0.18998052409394192,
        "为啥": 0.18998052409394192,
        "挺快": 0.18998052409394192,
        "蛮快": 0.18998052409394192,
        "咋": 0.15681409631191903,
        "好": 0.11297046361981017,
        "怎么": 0.06725015742048616,
        "民是": 0.0
    },
    "公司优势": {
        "好处": 0.4594396517676642,
        "软件": 0.33789126053596363,
        "介绍": 0.2960871888605554,
        "产品": 0.2542831171851472,
        "一下": 0.23643916259125689,
        "什么": 0.2363191274645422,
        "你们": 0.2230555491435966,
        "记得": 0.20467789654476978,
        "你": 0.1670587308402099,
        "我": 0.16121486123802498
    },
    "审核时间": {
        "审核": 0.638037431237528,
        "多久": 0.4279089892742001,
        "需要": 0.2898240941255338,
        "五分钟": 0.2073649651626186,
        "才能": 0.17116359570968007,
        "结果": 0.15552372387196395,
        "你们": 0.13906700598149435,
        "申请": 0.1233079883564434,
        "我": 0.1187864254427142,
        "吗": 0.11238087637149943
    },
    "征信差或无资产": {
        "逾期": 0.3543695187232824,
        "征信": 0.3304083933904949,
        "我": 0.2634965870796339,
        "差": 0.24532527358675466,
        "要求": 0.24532527358675466,
        "没": 0.2098989295748342,
        "问题": 0.19048855648628263,
        "没有": 0.19048855648628263,
        "吗": 0.18993337402650484,
        "之前": 0.18870920077336378
    },
    "其它": {
        "我": 0.40485662959802526,
        "好": 0.38570955985737765,
        "哦": 0.26316231381126826,
        "嗯": 0.22465075569254603,
        "吧": 0.20456207038226223,
        "嘞": 0.20198877761559272,
        "说": 0.19722851387956064,
        "你": 0.18606311270678585,
        "没": 0.1847774143765472,
        "对": 0.17898683218521713
    },
    "询问手续费": {
        "手续费": 0.49168759935033346,
        "服务费": 0.3687656995127501,
        "收费": 0.3311067534465072,
        "吗": 0.304535715692827,
        "多少": 0.30270792137870656,
        "花费": 0.24584379967516673,
        "要收": 0.24584379967516673,
        "你们": 0.16487240809038495,
        "费用": 0.12292189983758336,
        "免费": 0.12292189983758336
    },
    "询问抵押": {
        "抵押": 0.8762454418076214,
        "无": 0.2920818139358738,
        "吗": 0.22613277303858478,
        "需要": 0.1814350141722815,
        "要": 0.1543835005986824,
        "物品": 0.1460409069679369,
        "贷款": 0.0771917502993412,
        "吧": 0.07446588992362062,
        "不": 0.06134657133427622,
        "你们": 0.048970354435055985
    },
    "询问贷款速度": {
        "多久": 0.517987563319469,
        "放款": 0.3453250422129794,
        "时候": 0.3218124478543828,
        "快": 0.3218124478543828,
        "钱能": 0.3137713734543167,
        "什么": 0.20126522493751017,
        "开通": 0.18781902424978347,
        "账": 0.18781902424978347,
        "能": 0.1757388697354969,
        "用钱": 0.1726625211064897
    },
    "是否真实": {
        "骗人": 0.48862438038420897,
        "骗子": 0.3760502341210045,
        "诈骗": 0.34901741456014923,
        "吧": 0.2847409582825315,
        "电话": 0.2388938755411029,
        "吗": 0.2161703249640092,
        "骗": 0.20941044873608958,
        "是不是": 0.19111510043288232,
        "又": 0.18802511706050226,
        "不会": 0.1610827854660651
    },
    "询问是否安全": {
        "安全": 0.6871345527794088,
        "信息": 0.28475227735575065,
        "保障": 0.23729356446312555,
        "你们": 0.2304095701183846,
        "吗": 0.2127946821156757,
        "账号": 0.21142601623981808,
        "国家": 0.1585695121798636,
        "泄露": 0.1585695121798636,
        "怎么办": 0.13133334710555558,
        "监管": 0.10571300811990904
    },
    "询问如何还款": {
        "还款": 0.6434319284576638,
        "方式": 0.30925623420380816,
        "提前": 0.30925623420380816,
        "怎么": 0.20901062927118305,
        "吗": 0.16761565200694198,
        "能": 0.1653516996700722,
        "退款": 0.1476128473643092,
        "我": 0.14093028744494465,
        "还": 0.12544569727480726,
        "可不可以": 0.11354681090429361
    },
    "客户提意见": {
        "听": 0.5333960291436095,
        "你": 0.3611441508436436,
        "我": 0.34323052335450754,
        "说话": 0.27898995320767056,
        "讲话": 0.24581583033156998,
        "问": 0.2255349685306558,
        "问题": 0.20995640684063807,
        "吗": 0.19031316815179816,
        "在": 0.1816040896047867,
        "得到": 0.1418149102651685
    },
    "解释省呗": {
        "什么": 0.3815716514451031,
        "你": 0.3596542043179092,
        "省呗": 0.2921574894676008,
        "我": 0.2524168480963429,
        "只能": 0.2203215170288912,
        "一下": 0.21594814218045014,
        "用来": 0.21216792115061556,
        "产品": 0.18247872414437816,
        "信用卡": 0.1672940724341914,
        "哪": 0.150804684443779
    },
    "已在使用": {
        "省呗": 0.5283268313107752,
        "我": 0.41842287740063056,
        "已经": 0.37457907735490337,
        "过": 0.35221788754051675,
        "注册": 0.35221788754051675,
        "安装": 0.24347968794147043,
        "时间": 0.16665588546972626,
        "用": 0.1584672739057334,
        "申请": 0.14478333165958313,
        "在": 0.11991879450623959
    },
    "询问贷款现金": {
        "现金": 0.8948094434715934,
        "借": 0.18202949567371185,
        "吗": 0.18185232501299908,
        "是否": 0.16180399615441052,
        "可以": 0.14823318992216858,
        "这边": 0.1174617194896759,
        "能接": 0.11185118043394918,
        "能": 0.10571554754070832,
        "接": 0.06452865584327058,
        "我": 0.0640725490676667
    },