{
    "是否上征信": {
        "影响": 0.4863717766055048,
        "逾期": 0.44683476792053106,
        "征信": 0.28740150435779827,
        "我": 0.23523277310163998,
        "吗": 0.2085389330963485,
        "个人": 0.1989702722477065,
        "不会": 0.1624853701529204,
        "之后": 0.14784438015917908,
        "要查": 0.14784438015917908,
        "会": 0.1438255126053022
    },
    "询问联系方式": {
        "联系方式": 0.7056048572005778,
        "微信": 0.36175590367151783,
        "你": 0.3002329078481951,
        "联系": 0.20160138777159367,
        "短信": 0.18087795183575892,
        "什么": 0.15808856929971576,
        "请": 0.15476951025396604,
        "多少": 0.15321805754126044,
        "把": 0.1454510041078509,
        "告知": 0.10080069388579684
    },
    "询问额度": {
        "多少": 0.5958916581372334,
        "额度": 0.38776876906036595,
        "钱": 0.29123166019053,
        "我": 0.21650992170572947,
        "度": 0.19185430769747297,
        "借": 0.18057765822312621,
        "给": 0.15190166283883832,
        "不够": 0.1496847238839956,
        "接": 0.14774535672801237,
        "这边": 0.13768295217412224
    },
    "解释信用贷款": {
        "信用贷款": 0.7267928633688022,
        "什么": 0.3970137141547083,
        "贷款": 0.3315690144829213,
        "四元": 0.20251563055441707,
        "分期": 0.18169821584220056,
        "身份证": 0.18169821584220056,
        "怎么弄": 0.16692802504713702,
        "个": 0.1461106103349205,
        "还": 0.10641344716902136,
        "这边": 0.08692966748974575
    },
    "是否机器人": {
        "机器人": 0.6946932571917885,
        "人工": 0.34734662859589427,
        "你": 0.33311683611105636,
        "还是": 0.2793149490581614,
        "客服": 0.25528874435905113,
        "吗": 0.1698903933959761,
        "话务员": 0.15485704399461872,
        "真人": 0.15485704399461872,
        "是不是": 0.11172597962326455,
        "机器": 0.07742852199730936
    },
    "软件怎么下载": {
        "下载": 0.76379583742707,
        "在": 0.2738725782394608,
        "哪里": 0.25040049871329334,
        "找到": 0.23165761948555896,
        "这个": 0.1657314036963887,
        "平台": 0.15443841299037264,
        "产品": 0.15024029922797602,
        "软件": 0.127299306237845,
        "从": 0.118562465304059,
        "哪个": 0.118562465304059
    },
    "解释厘": {
        "厘": 0.8573441407767624,
        "厘是": 0.2857813802589208,
        "什么": 0.2801243708997713,
        "解释一下": 0.1428906901294604,
        "你": 0.14186571457073444,
        "意思": 0.128202368310565,
        "说": 0.11895513462169878,
        "算": 0.10969727131166059,
        "啥": 0.09750827552438934,
        "再": 0.09750827552438934
    },
    "贷款速度快": {
        "这么": 0.6902842907501672,
        "快": 0.5929209457244363,
        "蛮快": 0.17983163575798403,
        "为啥": 0.17983163575798403,
        "速度": 0.17983163575798403,
        "挺快": 0.17983163575798403,
        "咋": 0.1613460021814474,
        "好": 0.11125896927803582,
        "怎么": 0.06468068121520792,
        "欠款": 0.0
    },
    "公司优势": {
        "好处": 0.45118549332326596,
        "软件": 0.3316070132280452,
        "介绍": 0.30884806965856343,
        "产品": 0.26091127734502206,
        "一下": 0.23744616974850274,
        "什么": 0.23660352764176018,
        "你们": 0.2223783477299399,
        "记得": 0.20115137455553417,
        "你": 0.1664237389104448,
        "我": 0.1600243296328204
    },
    "审核时间": {
        "审核": 0.6316618765865049,
        "多久": 0.423880559817887,
        "需要": 0.3001616145101754,
        "五分钟": 0.20569928584978717,
        "才能": 0.1695522239271548,
        "结果": 0.15427446438734038,
        "你们": 0.1399422695931316,
        "申请": 0.12176840722399382,
        "我": 0.11901264235561371,
        "吗": 0.11283417173940784
    },
    "征信差或无资产": {
        "逾期": 0.34763438382096085,
        "征信": 0.3243376331351789,
        "我": 0.26144211942864265,
        "差": 0.24099829482802793,
        "要求": 0.24099829482802793,
        "没": 0.2173437665687767,
        "之前": 0.19864821932626334,
        "问题": 0.19537267978062342,
        "没有": 0.19537267978062342,
        "吗": 0.18885295781718284
    },
    "询问手续费": {
        "手续费": 0.4884242573290071,
        "服务费": 0.36631819299675533,
        "收费": 0.3286628390896695,
        "多少": 0.30933738763399427,
        "吗": 0.30619425164668457,
        "花费": 0.24421212866450356,
        "要收": 0.24421212866450356,
        "你们": 0.1661435012100012,
        "付费": 0.12210606433225178,
        "隐形": 0.12210606433225178
    },
    "询问抵押": {
        "抵押": 0.8732965795420585,
        "无": 0.29109885984735284,
        "吗": 0.22811315216404845,
        "需要": 0.18879059495435793,
        "要": 0.15886734571623354,
        "物品": 0.14554942992367642,
        "贷款": 0.07943367285811677,
        "吧": 0.07648010442089058,
        "不": 0.062476972824018276,
        "你们": 0.049510423619992396
    },
    "询问贷款速度": {
        "多久": 0.5047261523856951,
        "时候": 0.3364841015904633,
        "快": 0.3364841015904633,
        "放款": 0.3364841015904633,
        "钱能": 0.3061646927735185,
        "开通": 0.20410979518234565,
        "什么": 0.20006946540090756,
        "账": 0.18312850973043224,
        "能": 0.1752279226845527,
        "用钱": 0.16824205079523166
    },
    "是否真实": {
        "骗人": 0.4800972932057092,
        "骗子": 0.3692109579069493,
        "诈骗": 0.3429266380040781,
        "吧": 0.28830964267751347,
        "电话": 0.24741408967647383,
        "吗": 0.21498147096048456,
        "又": 0.2057559828024468,
        "骗": 0.2057559828024468,
        "是不是": 0.19793127174117905,
        "不会": 0.1695989576548565
    },
    "询问是否安全": {
        "安全": 0.6833034687060203,
        "信息": 0.2829525666418425,
        "保障": 0.23579380553486873,
        "你们": 0.23243405497627495,
        "吗": 0.2141822310302339,
        "账号": 0.2102472211403139,
        "国家": 0.15768541585523543,
        "泄露": 0.15768541585523543,
        "怎么办": 0.1363547008991876,
        "监管": 0.10512361057015696
    },
    "询问如何还款": {
        "还款": 0.6366876666020824,
        "提前": 0.30639084127544153,
        "方式": 0.30639084127544153,
        "怎么": 0.2105597524807196,
        "吗": 0.16820857151675211,
        "能": 0.16752710424982187,
        "退款": 0.14635476931441557,
        "我": 0.14112889555820263,
        "还": 0.1281721273376725,
        "可不可以": 0.1123566470474263
    },
    "客户提意见": {
        "听": 0.5440003026756253,
        "你": 0.35176349759198555,
        "我": 0.33311250299612394,
        "说话": 0.2913941361980522,
        "讲话": 0.2362033189172945,
        "问": 0.22121663259689894,
        "问题": 0.21063403359416769,
        "吗": 0.1850954815078574,
        "在": 0.17951569733393524,
        "得到": 0.14602189011966757
    },
    "解释省呗": {
        "什么": 0.37835345793766834,
        "你": 0.3548383110332453,
        "省呗": 0.2836435281504702,
        "我": 0.24814101083890108,
        "用来": 0.224464229328438,
        "一下": 0.21478032382892803,
        "只能": 0.21444120435159228,
        "产品": 0.185432914776767,
        "信用卡": 0.17072321055494377,
        "哪": 0.1547146517184383
    },
    "已在使用": {
        "省呗": 0.5116316981673327,
        "我": 0.41029341872388175,
        "已经": 0.3896849960944681,
        "过": 0.3629400284604794,
        "注册": 0.3629400284604794,
        "安装": 0.23638122681731286,
        "时间": 0.1705438993891109,
        "用": 0.1613060009186951,
        "申请": 0.13993128546016087,
        "在": 0.1197672721486163
    },
    "询问贷款现金": {
        "现金": 0.8909508070386222,
        "借": 0.19237035554253687,
        "吗": 0.18327062237500696,
        "是否": 0.16070039364174374,
        "可以": 0.1506594448892402,
        "这边": 0.11951246860791195,
        "能接": 0.11136885087982777,
        "能": 0.10756122174712077,
        "我": 0.06443532929421851,
        "接": 0.06412345184751228
    },
    "询问利息": {
        "利息": 0.8154822145973766,
        "多少": 0.3837658352618208,
        "月": 0.20387055364934414,
        "打": 0.1162955293823932,
        "直接": 0.1162955293823932,
        "钱": 0.09824511823635561,
        "这边": 0.09753755345115347,
        "我": 0.08764586725251308,
        "五千块": 0.07574276120874983,
        "四千块": 0.07574276120874983
    },