{
    "是否上征信": {
        "影响": 1.0,
        "逾期": 0.8661338116621523,
        "征信": 0.5908430771039097,
        "会": 0.5320226716141238,
        "个人": 0.4949328764668754,
        "不会": 0.44622795463880316,
        "一下": 0.36401812598342287,
        "要": 0.3135858689965686,
        "说": 0.3023894648292634,
        "欠款": 0.30041210681221736
    },
    "询问联系方式": {
        "微信": 1.0,
        "多少": 0.8167386266076376,
        "请": 0.699245306158524,
        "短信": 0.6322140854033637,
        "联系": 0.40053662272248725,
        "能": 0.37868795170890346,
        "不能": 0.3747648228735901,
        "个": 0.3648409943963679,
        "给我发": 0.3596553960939656,
        "电话": 0.3491675045378995
    },
    "询问额度": {
        "多少": 1.0,
        "钱": 0.4424198824172533,
        "额度": 0.35186416167212825,
        "能": 0.19178630609269334,
        "借": 0.18565472274080833,
        "接": 0.1681153993272095,
        "不够": 0.16001729849117968,
        "低": 0.15581230851126973,
        "太": 0.13041684366518094,
        "想": 0.128224328244714
    },
    "解释信用贷款": {
        "贷款": 1.0,
        "信用贷款": 0.7782310364994383,
        "身份证": 0.4425965411737809,
        "问": 0.4075129522171132,
        "个": 0.33738469416515254,
        "分期": 0.3001066178972585,
        "还": 0.28439676432467553,
        "想": 0.26474965463128697,
        "四元": 0.24087885835390235
    },
    "是否机器人": {
        "机器人": 1.0,
        "人工": 0.4214479928511128,
        "说话": 0.33503210027208846,
        "客服": 0.31452057977198844,
        "像": 0.2672720366854997,
        "说": 0.2657175049748294,
        "想": 0.2648549821908504,
        "也": 0.2639199057703725,
        "话务员": 0.2595230798764839,
        "起来": 0.2068956464695314
    },
    "软件怎么下载": {
        "下载": 1.0,
        "产品": 0.3053149015208266,
        "找到": 0.23216421837003698,
        "平台": 0.18132508405711598,
        "能": 0.17709423719047518,
        "载": 0.16866578214541725,
        "获取": 0.1444629204913772,
        "到": 0.14342952026394562,
        "省呗": 0.13968981119555396,
        "批": 0.13572770455340158
    },
    "解释厘": {
        "厘": 1.0,
        "意思": 0.22656170788148094,
        "说": 0.22656170788148094,
        "算": 0.1647521262930482,
        "再": 0.1623615060500326
    },
    "贷款速度快": {
        "快": 1.0,
        "挺快": 0.4932117862369374,
        "蛮快": 0.4014586239424769,
        "速度": 0.30404145204046484,
        "好": 0.2736641192154181
    },
    "公司优势": {
        "一下": 1.0,
        "好处": 0.783447157105472,
        "介绍": 0.7707208221198512,
        "产品": 0.6124940660967532,
        "软件": 0.4815207424400747,
        "不": 0.45501299372838266,
        "想": 0.38380771013119847,
        "贷款": 0.3540061429119423,
        "对比": 0.33324743634429305,
        "记得": 0.2930644915000065
    },
    "审核时间": {
        "审核": 1.0,
        "多久": 0.6661686945754268,
        "需要": 0.6241674277861153,
        "问": 0.3536085909518733,
        "五分钟": 0.2544104768795109,
        "才能": 0.25129619008744075,
        "要": 0.25023561543413136,
        "多少": 0.23539417095811768,
        "申请": 0.2345001914844297,
        "想": 0.21635678386650187
    },
    "征信差或无资产": {
        "能": 1.0,
        "逾期": 0.9026337175525946,
        "征信": 0.8373247694541853,
        "没有": 0.8095799699756012,
        "差": 0.6689977256700784,
        "产品": 0.6528347630023008,
        "申请": 0.650142374465587,
        "问题": 0.6494236360563462,
        "还": 0.5785350842594982,
        "没": 0.547938503075307
    },
    "其它": {
        "好": 1.0,
        "不": 0.7931540271413821,
        "说": 0.6967290222449132,
        "没有": 0.465298292910329,
        "没": 0.4522743078230862,
        "行": 0.3277353748056121,
        "需要": 0.27232625496677715,
        "不用": 0.26144303305621097,
        "听": 0.2601348349436726,
        "现在": 0.2503601571909564
    },
    "询问手续费": {
        "多少": 1.0,
        "手续费": 0.9964503262215847,
        "收费": 0.9400653130691325,
        "服务费": 0.6829636130130983,
        "要": 0.6549911739340566,
        "花费": 0.5835324264512844,
        "点": 0.46473710876457924,
        "现在": 0.38341712055920013,
        "不": 0.37470602344701237,
        "回来": 0.3689666794180462
    },
    "询问抵押": {
        "抵押": 1.0,
        "需要": 0.42370007042058094,
        "要": 0.3685332984494978,
        "无": 0.26725800363773283,
        "贷款": 0.15430821591396188,
        "物品": 0.14761571433830625,
        "不": 0.14538556589759283
    },
    "询问贷款速度": {
        "多久": 1.0,
        "能": 0.9300517359720862,
        "时候": 0.7217422723209072,
        "快": 0.5565979788274129,
        "放款": 0.5396442098618301,
        "钱": 0.5083691084168303,
        "贷款": 0.46852508370054813,
        "账": 0.40513857551877624,
        "到": 0.37241591850316447,
        "开通": 0.3019948211309404
    },
    "是否真实": {
        "诈骗": 1.0,
        "骗人": 0.9676389899293278,
        "骗子": 0.9178490694943175,
        "电话": 0.895842852019649,
        "骗": 0.8066383282111025,
        "想": 0.7879404292024533,
        "又": 0.7217891172695603,
        "不会": 0.6877812910418357,
        "真的": 0.5156810703549491,
        "高利贷": 0.5116859455647931
    },
    "询问是否安全": {
        "安全": 1.0,
        "高": 0.522487889708522,
        "信息": 0.4874255456885559,
        "账号": 0.4261194906067273,
        "保障": 0.4028532761809505,
        "不": 0.3623086873302773,
        "泄露": 0.3209779602834937,
        "国家": 0.23764750866231799,
        "怕": 0.2131932425121802,
        "能": 0.21107795667356602
    },
    "询问如何还款": {
        "还款": 1.0,
        "能": 0.6618579414965884,
        "方式": 0.42911265346041727,
        "提前": 0.42548351816010543,
        "还": 0.303339503571233,
        "一下": 0.2591831254623063,
        "查": 0.2401223357617141,
        "不能": 0.24007623414933493,
        "要": 0.22550750059446684,
        "再": 0.21972890551111954
    },
    "客户提意见": {
        "听": 1.0,
        "问": 0.9275073876047695,
        "说话": 0.5733374025074441,
        "一下": 0.5482016989978677,
        "问题": 0.5268849562852943,
        "？": 0.5054015481915403,
        "想": 0.4693962478121684,
        "讲话": 0.43679964851176845,
        "有没有": 0.2875105533924365,
        "得到": 0.27414127336240945
    },
    "解释省呗": {
        "一下": 1.0,
        "产品": 0.692989021126793,
        "省呗": 0.6606531145650566,
        "听": 0.6301644169304208,
        "用来": 0.6153331128799144,
        "信用卡": 0.6113594732676929,
        "问": 0.5665433244722483,
        "还": 0.5500131346180511,
        "说": 0.536042672523035,
        "介绍": 0.4820028074871754
    },
    "已在使用": {
        "省呗": 1.0,
        "已经": 0.865093987739735,
        "注册": 0.8263941954958605,
        "安装": 0.5095308255003576,
        "申请": 0.3980186153377436,
        "说": 0.3494884453427263,
        "时间": 0.34713738302285596
    },
    "询问贷款现金": {
        "现金": 1.0,
        "能": 0.5982875879257614,
        "是否": 0.39118253055835434,
        "借": 0.27162852895275696,
        "接": 0.2118600209484024,
        "问": 0.1385981816642354,
        "不能": 0.10198197608206157,
        "想": 0.09558856648363252,
        "好": 0.09546035243056464,
        "说": 0.09158844836765882
    },
    "询问利息": {
        "利息": 1.0,
        "多少": 0.9539045728835684,
        "打": 0.40845835162621574,
        "月": 0.3981315685883758,
        "直接": 0.3728496893132661,
        "钱": 0.25894242939467044,
        "都": 0.20710860360806438,
        "借款": 0.1969582673165423,
        "没": 0.18097949949563416,
        "说": 0.17671114312788336
    },
    "爱国爱党": {
        "中国": 1.0,
        "爱": 0.9688687295135562,
        "党": 0.965178797034695,
        "觉得": 0.838261805441363,
        "爱国": 0.7883287801936555,
        "不": 0.7814272171368748,
        "共产党": 0.636715239757724
    },
    "询问客服名字": {
        "叫": 1.0,
        "名字": 0.8570944267946063,
        "想": 0.6811331286947773,
        "姓张": 0.6432311686584032,
        "小姑娘": 0.5785199538813149,
        "姓名": 0.5308159134969338,
        "人": 0.5284017198087257,
        "称呼": 0.5152207935947537,
        "问": 0.493165857695682,
        "一下": 0.4881034600587565
    },
    "询问利率": {
        "利率": 1.0,