{
    "是否上征信": {
        "影响": 1.0,
        "逾期": 0.9671396032822278,
        "征信": 0.6218186265939678,
        "个人": 0.5673300813859672,
        "会": 0.5427485488748786,
        "不会": 0.5252301663670518,
        "一下": 0.41705762882630065,
        "要": 0.35136645116627213,
        "欠款": 0.33980689415846155,
        "之后": 0.3328873792127854
    },
    "询问联系方式": {
        "微信": 1.0,
        "多少": 0.8550884115234099,
        "请": 0.660801273196452,
        "能": 0.630305792752329,
        "个": 0.6300048075509121,
        "联系": 0.6261377703046102,
        "短信": 0.5617439010762263,
        "给我发": 0.5144377531873667,
        "不能": 0.3304097689153447,
        "到": 0.3279579980195214
    },
    "询问额度": {
        "多少": 1.0,
        "钱": 0.4384972021976252,
        "额度": 0.3421213234382924,
        "能": 0.19474737708681308,
        "借": 0.19293269412443173,
        "接": 0.18439285602695524,
        "低": 0.1823399832295366,
        "太": 0.1467299777757212,
        "根本": 0.1379918721965794,
        "申请": 0.1317625046719854
    },
    "解释信用贷款": {
        "贷款": 1.0,
        "信用贷款": 0.6503890214113801,
        "还": 0.5342914887280528,
        "分期": 0.5308024310054481,
        "身份证": 0.49441101286725264,
        "想": 0.44559845724925773,
        "个": 0.34395471451091003,
        "问": 0.26020147483705125
    },
    "是否机器人": {
        "机器人": 1.0,
        "人工": 0.6164016430853684,
        "客服": 0.44731863693261487,
        "说": 0.41447377147827036,
        "也": 0.4114085151945276,
        "起来": 0.33226655197586774,
        "像": 0.3284825615565453,
        "说话": 0.2845700547922163,
        "想": 0.28268242304126845,
        "进去": 0.2390142376555832
    },
    "软件怎么下载": {
        "下载": 1.0,
        "找到": 0.2813887103794282,
        "载": 0.268552637911799,
        "能": 0.22737110248031583,
        "平台": 0.22576181872110326,
        "到": 0.22487933692578288,
        "设备": 0.18864513196657373,
        "产品": 0.17017295984302525,
        "获取": 0.16290759618310077,
        "批": 0.15778752759950793
    },
    "解释厘": {
        "厘": 1.0,
        "说": 0.305162528468531,
        "算": 0.2189096587935228,
        "再": 0.21588300295447096,
        "意思": 0.13265678911851458
    },
    "贷款速度快": {
        "挺快": 1.0,
        "快": 0.9999972207448983,
        "蛮": 0.9750849584422129,
        "速度": 0.5255650942587831,
        "好": 0.5192441827079224
    },
    "公司优势": {
        "一下": 1.0,
        "好处": 0.7643698282609458,
        "介绍": 0.6899081342339142,
        "产品": 0.5639828888099587,
        "软件": 0.4273208790217662,
        "想": 0.4266297015989349,
        "贷款": 0.3595607897600659,
        "记得": 0.3379053977569238,
        "只": 0.32064711239084,
        "现在": 0.31696678493932195
    },
    "审核时间": {
        "审核": 1.0,
        "多久": 0.6619143921545756,
        "需要": 0.5939426490795493,
        "五分钟": 0.31259022064156994,
        "才能": 0.2634819711087871,
        "问": 0.2534690895540546,
        "要": 0.24567886519680854,
        "多少": 0.2456084772660364,
        "想": 0.24338109662270668,
        "用钱": 0.2282500655870645
    },
    "征信差或无资产": {
        "没": 1.0,
        "能": 0.8494135055860239,
        "逾期": 0.8428865248896984,
        "没有": 0.8198053750648743,
        "征信": 0.7597523349488402,
        "差": 0.7274050779897663,
        "之前": 0.7146557502647087,
        "问题": 0.7123330245789332,
        "申请": 0.7061007942357733,
        "要求": 0.6413009410202277
    },
    "询问手续费": {
        "手续费": 1.0,
        "多少": 0.983252560977982,
        "收费": 0.9551108418237811,
        "点": 0.7988628889774417,
        "服务费": 0.5934255769355955,
        "要": 0.5771669094482532,
        "收": 0.4934525349119485,
        "回来": 0.4522354050607061,
        "花费": 0.4482055477698629,
        "隐形": 0.38856119154012253
    },
    "询问抵押": {
        "抵押": 1.0,
        "要": 0.3724074090580039,
        "需要": 0.3717695738979711,
        "无": 0.29544260131948846,
        "贷款": 0.2091594729993451,
        "物品": 0.20191766264071612,
        "不": 0.20041687402887423
    },
    "询问贷款速度": {
        "多久": 1.0,
        "能": 0.7567587842232711,
        "放款": 0.6928575047864418,
        "快": 0.6505682089304852,
        "时候": 0.5653265582511325,
        "贷款": 0.5173425445847499,
        "钱能": 0.5004632779550927,
        "账": 0.3976970049505508,
        "到": 0.38674267871006823,
        "用钱": 0.316506539786933
    },
    "是否真实": {
        "骗人": 1.0,
        "骗": 0.8117255065307891,
        "诈骗": 0.7505613243842216,
        "电话": 0.7453857722473823,
        "骗子": 0.7039952107249193,
        "想": 0.5957622115316479,
        "不会": 0.5952165946104924,
        "又": 0.5074940077240482,
        "别": 0.48802801020127434,
        "有没有": 0.43452601212141556
    },
    "询问是否安全": {
        "安全": 1.0,
        "信息": 0.441768247261711,
        "高": 0.4416801504573787,
        "保障": 0.3592158727038608,
        "账号": 0.35262314778501835,
        "不": 0.3314852589250659,
        "国家": 0.29748812702435756,
        "泄露": 0.29398352046456416,
        "受": 0.23721712482778445,
        "能": 0.2179276397361652
    },
    "询问如何还款": {
        "还款": 1.0,
        "能": 0.803654187464788,
        "方式": 0.5266217988225589,
        "提前": 0.3824394374495788,
        "不能": 0.328508616945786,
        "查": 0.31334825638227654,
        "接入": 0.28377310943787865,
        "退款": 0.2769189734223131,
        "要": 0.26487066419389443,
        "钱": 0.2643026269398867
    },
    "客户提意见": {
        "听": 1.0,
        "问": 0.768162890512642,
        "问题": 0.4840587319182039,
        "一下": 0.4340700112140121,
        "说话": 0.4142201712392601,
        "想": 0.4059731740752927,
        "？": 0.36048810196422415,
        "有没有": 0.3359291129454742,
        "讲话": 0.33015779393729694,
        "个": 0.3267579262110608
    },
    "解释省呗": {
        "一下": 1.0,
        "听": 0.6465973369897607,
        "省": 0.5807141598674804,
        "用来": 0.5431814558152035,
        "信用卡": 0.5427242080192258,
        "问": 0.4839026353916764,
        "还": 0.469225353353422,
        "没有": 0.42575412164853077,
        "只能": 0.41688024256856737,
        "介绍": 0.3507137730373874
    },
    "已在使用": {
        "已经": 1.0,
        "注册": 0.7710547252654374,
        "省": 0.739406483768365,
        "时间": 0.6011507098753343,
        "安装": 0.4985036058512785,
        "说": 0.3362805225729921,
        "申请": 0.2865262673415224
    },
    "询问贷款现金": {
        "现金": 1.0,
        "能": 0.5093071138764426,
        "是否": 0.3416216731255127,
        "借": 0.2352897375250569,
        "接": 0.22587997525662368,
        "问": 0.14399066396900492,
        "想": 0.14320243923820428,
        "金": 0.1088093368525643,
        "一下": 0.09929829614415027,
        "接线": 0.09394489981627935
    },
    "询问利息": {
        "多少": 1.0,
        "利息": 0.9636050126715934,
        "打": 0.6589976892348139,
        "月": 0.4476399797148956,
        "直接": 0.40547707262555704,
        "说": 0.3090869140656433,
        "五千块": 0.3069125800021105,
        "没": 0.29838831250775055,
        "钱": 0.2206558524747077,
        "都": 0.20760278284219155
    },
    "爱国爱党": {
        "党": 1.0,
        "不": 0.8137842630244196,
        "中国": 0.8040117849397718,
        "爱": 0.7583506982583644,
        "觉得": 0.573268034655826,
        "共产党": 0.5710263651484985,
        "爱国": 0.31831896915918084
    },
    "询问客服名字": {
        "名字": 1.0,
        "叫": 0.9603268929256024,
        "小姑娘": 0.7141006830494167,
        "一下": 0.7018559062175624,
        "姓名": 0.6841273824982147,
        "一遍": 0.5871502077199798,
        "网路": 0.5512178252761158,
        "女士": 0.5499121350103309,
        "贵姓": 0.530819669554544,
        "姓张": 0.4842159040303644
    },
    "询问利率": {
        "利率": 1.0,
        "多少": 0.8494669471810707,
        "问": 0.32941606219979447,
        "想": 0.32743022811805955,
        "后": 0.32285164038344605,
        "钱": 0.3100373887120349,
        "费率": 0.30284722887220267,
        "计算": 0.3007490232545018,
        "一下": 0.2812226796696843,
        "扣费": 0.27134476930263846
    },
    "额度是否循环": {
        "额度": 1.0,
        "循环": 0.5649183883518054,